{"cameraMode":{"drawMode":0,"name":"Shaded","section":"Shading Mode"},"sceneLighting":true,"audioPlay":false,"sceneViewState":{"m_AlwaysRefresh":false,"showFog":true,"showSkybox":true,"showFlares":true,"showImageEffects":true,"showParticleSystems":true,"showVisualEffectGraphs":true,"m_FxEnabled":true},"in2DMode":false,"pivot":{"x":70.99583435058594,"y":23.21836280822754,"z":81.44754028320313},"rotation":{"x":-0.016798757016658784,"y":-0.7226287722587586,"z":0.017567042261362077,"w":-0.6908148527145386},"size":12.457575798034668,"orthographic":false}