{"cameraMode":{"drawMode":0,"name":"Shaded","section":"Shading Mode"},"sceneLighting":true,"audioPlay":false,"sceneViewState":{"m_AlwaysRefresh":false,"showFog":true,"showSkybox":true,"showFlares":true,"showImageEffects":true,"showParticleSystems":true,"showVisualEffectGraphs":true,"m_FxEnabled":true},"in2DMode":false,"pivot":{"x":-0.30409151315689089,"y":-0.623847484588623,"z":6.996669769287109},"rotation":{"x":-0.007807938847690821,"y":0.003597697475925088,"z":-0.000027812026019091718,"w":-0.9999721646308899},"size":4.08758544921875,"orthographic":false}